ink_density,connected_components,mean_height,height_variation,mean_width,width_variation,baseline_drift,mean_spacing,spacing_variation,estimated_stroke_width,slant_variation,margin_alignment,overlap_ratio,label
4.993826781536279,326.0,13.98159509202454,26.299639834293494,16.006134969325153,56.61675926410903,2.8004822015397806,7.059040590405904,132.77130126032537,2.470198392868042,32.4433985149115,39.54954698434189,13.694267515923567,0
7.70935960591133,108.0,13.342592592592593,30.2582759033633,15.805555555555555,63.78499307998954,3.357020038880839,6.614583333333333,119.06749374844013,2.4610941410064697,46.63900091876332,2.516611478423583,5.88235294117647,0
3.961641279580889,236.0,16.139830508474578,39.607942671768086,11.766949152542374,36.92020246877993,3.190795790401772,10.471111111111112,117.6346769842199,2.5743117332458496,66.39743663633095,146.73668362406062,0.881057268722467,0
7.99670483370078,135.0,13.11111111111111,32.88310071305917,16.644444444444446,72.82477613896796,3.643662964808714,5.840336134453781,88.9834555410242,2.477755308151245,46.99126554182381,48.91254951441399,6.299212598425196,0
6.672367998334849,226.0,11.367256637168142,27.010501659697,10.327433628318584,52.38149229010168,2.501125653317312,6.728971962616822,103.76095380524164,2.4458582401275635,60.39796969980876,1.5634719199411433,1.3824884792626728,0
6.951801452121101,200.0,10.935,30.386519095112586,9.6,52.37418241925823,1.8586306322434736,6.492146596858639,101.13313245804845,2.4697842597961426,60.68602013582407,3.461845606031557,0.5208333333333333,0
5.520967326987393,83.0,10.903614457831326,46.27684040673065,14.626506024096386,55.07191612325446,2.6422748225577424,8.623376623376624,75.66357709213054,2.5636959075927734,42.110268851608566,125.15246257620699,0.0,0
8.190488584814457,125.0,11.848,26.88306099719072,12.832,61.20162118654457,1.567930682017596,5.5,105.14420720098934,2.4341695308685303,37.634516657846525,2.280350850198276,13.333333333333334,0
8.264477984649847,134.0,13.097014925373134,32.792651468678415,16.76865671641791,72.24827887514564,3.6336823784211254,5.889830508474576,87.96685895546116,2.4777276515960693,46.95488917998086,48.91254951441399,6.349206349206349,0
8.102286151066638,169.0,12.414201183431953,32.770610038844715,14.923076923076923,61.1558307471408,4.36179971302665,5.823529411764706,111.32209458425488,2.598125696182251,52.12667149077372,71.45355134631168,3.7735849056603774,0
8.037279743701763,168.0,13.880952380952381,30.562550900869244,11.232142857142858,72.58225753233114,4.151128214860646,7.238993710691824,110.88618115862448,2.520228862762451,64.13274056570151,1.9059520091609048,1.2422360248447204,0
10.430774251448153,161.0,14.658385093167702,27.033830045571577,18.124223602484474,53.376298129515774,2.661255074555412,5.873239436619718,89.81958357168527,2.5882515907287598,42.054759002326016,2.586765939293959,6.578947368421052,0
8.557706571725264,100.0,14.53,33.46891739629715,20.28,55.34152369140439,4.0576886980000175,9.158730158730158,59.36526027349508,2.714808940887451,23.77603052749832,13.5069426592401,31.521739130434785,0
9.343531784065025,121.0,15.082644628099173,40.787148069381445,17.41322314049587,62.99396595713562,5.23953940807583,8.100917431192661,83.2364054303384,2.5886051654815674,47.92214580975199,130.54303648605696,3.5398230088495577,0
7.389847831024301,136.0,13.264705882352942,36.422398529963054,13.441176470588236,69.84865910963084,3.756612886177657,11.9009009009009,101.20391926671759,2.66567325592041,38.72864549464104,20.95026444336476,12.598425196850393,0
5.29088397940857,251.0,12.163346613545817,43.9908928567476,12.685258964143426,63.02631670494942,3.2547607210906864,10.247826086956522,215.903531156175,2.5860910415649414,52.502748213853366,179.9672305772155,2.9535864978902953,0
11.575854419451321,148.0,14.277027027027026,29.28757521437123,19.905405405405407,71.44483924939813,2.4826961482961574,3.4690265486725664,103.62165292088017,2.52605938911438,40.14517048614546,0.7071067811865476,19.28571428571429,0
12.080328943447947,97.0,15.082474226804123,31.427079761844084,36.7319587628866,55.22532342972297,2.934144530573489,5.276595744680851,84.18441687320241,2.7540194988250732,15.981114711012445,95.82558744863788,46.590909090909086,0
7.577041602465331,139.0,13.223021582733812,37.742512440931215,13.050359712230216,70.41125972821722,3.61069236574381,5.546153846153846,97.22882729367115,2.5912370681762695,58.4358120674267,3.534090536243709,1.5151515151515151,0
9.767222776901027,222.0,19.94144144144144,39.543324100849006,15.36936936936937,75.5321110471457,3.448717627992963,5.580645161290323,116.52427774434808,2.407074451446533,64.262337237342,95.72802184661849,11.428571428571429,0
9.9594570773841,120.0,16.958333333333332,40.79319436080539,23.725,58.25947560744987,5.500353926562793,7.445945945945946,79.02742234680356,2.6518518924713135,22.931278937821798,45.08264016719123,33.33333333333333,0
13.11335108406238,165.0,17.78181818181818,33.31398417287703,27.533333333333335,48.00310309348937,3.7293966010606967,10.291666666666666,54.24345302274997,2.868687391281128,21.441936847795798,2.147456692912312,37.66233766233766,0
7.993710542366705,307.0,11.846905537459284,31.59004234148739,9.9185667752443,58.372713196640845,2.3541470850298514,5.6923076923076925,107.01534303420326,2.5036847591400146,63.185094208369186,4.3787616650153804,3.3783783783783785,0
6.9311042617557606,177.0,13.146892655367232,32.943602051795004,16.954802259887007,67.16259360125753,2.7772396987971764,9.30188679245283,97.25102378541224,2.4785048961639404,51.47846261187067,3.4063625445809445,4.216867469879518,0
7.50508264320419,152.0,14.151315789473685,37.87902493105905,11.460526315789474,75.07969347420554,3.493849040669615,9.135338345864662,106.39972039623318,2.6071324348449707,61.079550934183914,143.87494569938158,5.673758865248227,0
7.414950419527079,128.0,11.65625,33.38958566306259,11.953125,77.72304778943719,2.21082038614415,7.206611570247934,98.13403787846138,2.5869686603546143,54.874867780814554,1.632993161855452,0.819672131147541,0
9.28499832943535,83.0,17.89156626506024,38.479646716962186,40.975903614457835,66.41248169438472,3.38373022427211,9.866666666666667,65.25081584894633,2.6370325088500977,20.479662841530576,97.06848098121242,17.80821917808219,0
6.843699367372029,189.0,13.031746031746032,45.0142857750371,15.137566137566138,68.41391195329089,3.6224236175538196,10.681818181818182,97.03019900519168,2.508805513381958,41.98716582295949,160.64847834246672,10.982658959537572,0
6.802142407057341,168.0,13.208333333333334,40.70273588451251,14.928571428571429,58.54551006084594,2.8314614333695602,11.014388489208633,107.00411795545762,2.5266196727752686,42.0308227532742,102.41571945671589,9.740259740259742,0
10.755362388828523,219.0,15.91324200913242,31.752479844063842,17.506849315068493,53.278089299696404,3.7102088708028305,7.234177215189874,92.73150279720775,2.500873565673828,38.92182494346854,33.84895093337371,23.300970873786408,0
9.432149805447471,119.0,16.42016806722689,29.788044056527248,18.176470588235293,70.09911975329037,3.4261114581977123,8.485148514851485,87.3409298412108,2.550662040710449,50.33058114273214,81.84014907122298,7.339449541284404,0
10.212526727125267,148.0,16.594594594594593,36.06011567226009,19.493243243243242,65.51015224235289,5.5649980228508795,7.864583333333333,91.68384496096539,2.668370485305786,38.9879479883639,52.10652550305,30.434782608695656,0
7.565270028424044,164.0,11.432926829268293,36.984692699111385,12.060975609756097,52.155191760353304,2.985492951508359,7.151079136690647,93.36209925308877,2.515639543533325,46.30178249958541,3.697765458727081,11.464968152866243,0
8.790062244734166,271.0,12.560885608856088,36.66114607166013,10.391143911439114,65.56945485860768,2.386902485125159,5.894117647058824,102.8561932615431,2.5342962741851807,62.74548476675663,27.95598665907974,1.9230769230769231,0
12.420856610800744,132.0,15.674242424242424,36.307314064979806,21.727272727272727,70.74842105398847,4.460730246622234,6.101851851851852,93.66627977513154,2.7585067749023438,42.57273765126027,121.28204044017949,12.195121951219512,0
8.477474716518541,108.0,13.953703703703704,34.18068118286304,20.27777777777778,66.56631889778788,4.161895181887436,9.277777777777779,107.90444582504087,2.517009973526001,43.89632021238062,2.813959371941744,10.891089108910892,0
7.603549937646048,85.0,11.717647058823529,31.921392928154873,23.96470588235294,61.51901805164584,2.004294153448682,11.066666666666666,63.4220289112714,2.73870849609375,32.79182034823521,138.24214263385824,0.0,0
7.783220494868584,155.0,15.109677419354838,39.79898413416785,20.677419354838708,61.6108887237506,3.676924396915061,9.566176470588236,85.6566136210637,2.5309560298919678,40.86095303543628,2.5865034312755126,6.206896551724138,0
9.747125538758024,118.0,16.550847457627118,34.26539770506615,16.24576271186441,59.0406647520617,3.687106170999616,10.96938775510204,98.49106206966196,2.539843797683716,48.6529063781527,158.4982334286411,9.25925925925926,0
8.847486810445686,155.0,17.038709677419355,34.65339265904254,16.12258064516129,64.27041135476476,4.9735178667943485,7.753846153846154,102.4785608888785,2.5770697593688965,45.878042813130314,4.445222154178574,10.344827586206897,0
10.880029441654086,225.0,16.93777777777778,41.94192107906885,14.382222222222222,63.20949380065299,4.361542929277915,8.426315789473684,116.9660217670044,2.5397489070892334,51.27883577703385,117.44675302416142,9.95260663507109,0
10.173864411069518,238.0,16.365546218487395,36.69488596026655,13.840336134453782,60.72224791626202,4.401941372800816,7.634020618556701,121.06547514781442,2.5227572917938232,50.50481897005893,161.35034426288033,12.612612612612612,0
9.071048141062102,188.0,16.25,38.91322096882974,14.27659574468085,62.22694231438537,4.423576376782492,8.160493827160494,113.94109274377111,2.568000316619873,51.392219155040294,131.21295757922078,7.428571428571429,0
9.718202589489717,179.0,17.782122905027933,34.185225933684364,15.681564245810057,54.779311006396526,3.6179454632304733,12.909090909090908,256.12972183281175,2.529242753982544,43.29109075892811,115.82454594681985,13.855421686746988,0
7.499702683170038,209.0,11.205741626794259,30.667068427039062,13.923444976076555,75.7788864271251,2.0600984510060933,6.128205128205129,100.63016474149389,2.4566497802734375,48.723643829881595,1.9595917942265426,2.0100502512562812,0
9.928210635166845,177.0,16.926553672316384,34.69394365676089,14.915254237288135,60.59024008599826,3.943734104189744,8.880794701986755,137.39040159341818,2.492952823638916,47.68929848994757,130.302318532235,9.036144578313253,0
7.597450449329594,167.0,11.479041916167665,34.39771617929319,16.808383233532933,62.15268723305575,1.700441989070124,5.974522292993631,86.38406514979926,2.559554100036621,40.894943496658335,1.9876159799998132,0.6329113924050633,0
7.4932432980821515,227.0,11.330396475770925,26.832890881037834,14.66079295154185,70.75894822346636,2.147702527580917,6.803738317757009,109.4811943080061,2.4516260623931885,42.47821746668931,3.5020655062287678,0.9259259259259258,0
5.990615298779703,170.0,9.3,32.59052444818032,7.7,39.41295827232625,1.8787776317949223,7.801242236024844,115.47516267443969,2.5247480869293213,63.831267859332115,1.6996731711975948,1.8292682926829267,0
7.606308082230358,133.0,13.165413533834586,32.57616117272622,16.887218045112782,72.64357092026637,3.6628006860300593,5.948717948717949,87.08175294177009,2.47715163230896,46.84962188171304,48.91254951441399,6.4,0
22.92490118577075,26.0,14.961538461538462,46.101509071199985,19.115384615384617,83.25239518808208,3.287280489667938,8.333333333333334,172.60357137070278,5.4581298828125,57.492822831341044,0.0,40.0,0
28.137305255949325,27.0,17.11111111111111,48.696966658625776,18.88888888888889,65.86133770041579,6.198515760497516,6.6,117.20652530697325,4.969376087188721,57.119795793768695,9.5,60.0,0
26.451437873033097,29.0,20.82758620689655,62.398987790236816,40.86206896551724,75.5354855462548,6.348292901567392,41.76923076923077,197.17986554394943,7.873722553253174,41.3801600873783,9.5,51.85185185185185,0
20.925575757575757,27.0,19.40740740740741,77.7816295472769,77.18518518518519,195.56491316551526,4.01045207652087,148.54545454545453,172.9428635607719,7.477848529815674,41.68733774551954,308.03372463125544,45.0,0
28.148525425121168,69.0,20.47826086956522,67.75385376851588,55.57971014492754,133.65362082163196,4.819774600992178,139.70967741935485,146.5671594579587,9.065007209777832,43.62135101016222,214.19484610691597,48.333333333333336,0
27.368651249248266,28.0,20.857142857142858,54.14858747521121,38.714285714285715,86.11552982387778,7.90537146244145,17.833333333333332,127.39451789590083,8.187037467956543,31.375863649592663,0.0,55.55555555555556,0
20.862545454545455,26.0,19.423076923076923,50.46863736003853,95.46153846153847,125.77765392160372,9.865325633037866,80.11111111111111,121.18179865329924,7.541040420532227,35.416407558088935,69.29646455628166,60.86956521739131,0
24.714628077727404,102.0,17.637254901960784,66.93467604757117,46.705882352941174,144.24993263726716,4.594364539236578,66.53571428571429,194.97085686959954,8.022546768188477,36.99893660653903,287.73001233795543,39.130434782608695,0
25.566575226841103,30.0,22.433333333333334,51.916924261437615,30.466666666666665,73.05912627647054,7.505843938049495,13.5,131.14457693067118,7.280074596405029,53.985663419067,26.5,64.28571428571429,0
19.184339968543693,51.0,21.058823529411764,47.87929816733744,35.666666666666664,106.83773760247306,2.6119103715497918,50.5,207.39206291551656,7.903421878814697,51.55554397820934,60.81118318204309,50.0,0
25.337144967390085,115.0,22.46086956521739,49.19804596301372,36.278260869565216,110.33287470048174,3.68898740325228,54.41304347826087,214.0309840134743,7.5853166580200195,49.08430529434503,159.66527487215245,57.798165137614674,0
27.90734502317814,29.0,24.655172413793103,69.1791826103428,33.96551724137931,81.73553317197995,5.236266700239205,39.23076923076923,209.65744765252535,7.45714807510376,36.562705916901294,140.33531273346705,50.0,0
14.66715976331361,21.0,14.714285714285714,45.475874302145904,35.476190476190474,108.74636981119554,0.6523689270621825,20.428571428571427,110.2790718954136,4.978780269622803,58.014779368818644,0.0,26.31578947368421,0
19.677604790419164,47.0,18.638297872340427,72.41924530489524,39.680851063829785,131.5828367546915,2.8468855396059807,64.92307692307692,225.27594544927308,8.806205749511719,40.12650475756628,367.4428390920144,38.095238095238095,0
26.986039215686276,93.0,20.150537634408604,68.53665037283967,44.01075268817204,134.96156569390106,5.30064450957278,77.71739130434783,212.3039028150722,8.151103019714355,40.67894608692176,130.30230756983812,45.23809523809524,0
25.856831988394234,27.0,16.666666666666668,57.41079693298147,27.555555555555557,81.2517480130301,9.514859136040755,14.1,129.4379582604722,6.490945339202881,48.98384405877095,22.5,60.0,0
30.475801093678136,27.0,16.88888888888889,67.59367778217077,50.333333333333336,166.4690402372986,6.469317661540293,25.2,90.01553216609999,7.731571674346924,55.41006885398331,547.0,40.0,0
32.605155306298535,62.0,17.580645161290324,66.22785376817312,45.79032258064516,155.2792355212171,2.1429473755251722,55.575,201.27622033292693,7.675149917602539,57.89477320523397,207.34110382008998,28.57142857142857,0
30.142167731837745,25.0,27.32,63.10819700840524,33.52,83.68601343927273,6.025643127688327,33.42857142857143,239.77709790868195,8.091334342956543,50.3628827404081,26.5,39.130434782608695,0
24.535543947308653,32.0,25.125,62.64509158184044,78.90625,100.75713635727648,2.1445755288317243,108.58333333333333,209.5350375487292,8.57846450805664,44.87066229099704,290.18595570580067,53.84615384615385,0
40.09211753260646,54.0,25.537037037037038,68.94913459100738,69.75925925925925,86.68390706501941,7.1383585354999655,88.42857142857143,149.76525264864756,9.053291320800781,43.2030865106493,248.86413964249653,57.14285714285714,0
22.33502538071066,27.0,19.40740740740741,59.91393593016645,35.55555555555556,101.25674847027595,7.391122933956116,11.846153846153847,201.3992038166797,6.794119834899902,49.450301498941194,27.0,48.0,0
19.58648958186823,57.0,18.280701754385966,64.88488937125356,43.59649122807018,113.30421080413298,5.815393079471131,64.76,240.6193631116383,8.39181900024414,40.25736142097609,351.01507564965544,50.98039215686274,0
25.57471264367816,39.0,13.435897435897436,41.75683849771667,37.666666666666664,88.52552015239623,1.3014904960299674,16.19047619047619,114.21689944399998,4.807547092437744,42.05890238284329,190.48277481179235,40.0,0
25.517294551902932,103.0,17.0873786407767,70.6761502700663,47.74757281553398,132.13165626349178,4.346975854515074,74.6078431372549,163.52622045283894,8.49767780303955,34.65927511975668,248.8400249652201,45.744680851063826,0
27.655479869302763,22.0,19.863636363636363,37.34466652639522,59.68181818181818,73.75438292342629,6.428395059309031,21.333333333333332,105.95086070958268,7.220891952514648,37.03098652555578,38.0,70.0,0
16.407616288094378,20.0,20.6,42.690853977959804,84.6,99.63802720514691,8.21597655001635,17.2,188.37208207139057,6.468985080718994,36.005304069791286,0.0,72.22222222222221,0
19.882656350741456,30.0,19.366666666666667,55.46042340405898,124.13333333333334,114.0290359673964,3.3624349806601175,93.5,114.66193269020162,6.581628322601318,28.11716392119558,373.94057757290204,66.66666666666666,0
26.622837892196298,27.0,27.296296296296298,63.514880867907266,39.888888888888886,88.14032271805475,10.46302308470195,32.0,106.04759802616546,7.966958522796631,46.646639496597594,31.0,80.0,0
21.4140625,52.0,21.0,58.797767080366484,47.40384615384615,104.95469781296678,4.829469843502994,70.78947368421052,130.86929443218114,8.820266723632812,40.17824589047125,112.65988638375241,60.416666666666664,0
30.602717998630187,94.0,23.06382978723404,65.39815897417836,52.62765957446808,122.99217765874837,6.6292519072815885,70.88888888888889,161.3975629002394,9.180477142333984,42.9679172639649,30.00972064737247,48.86363636363637,0
17.127505946313285,12.0,14.75,47.548336230979025,54.166666666666664,94.74574958804332,4.627814458971607,49.0,69.34772613507856,5.536797523498535,28.879257918496926,0.0,72.72727272727273,0
27.240439817067237,34.0,19.352941176470587,53.330254790610354,28.91176470588235,77.50638460438594,9.667474080462732,13.363636363636363,114.21279618516402,7.767614364624023,56.08244271527458,29.5,65.625,0
23.683933274802456,71.0,21.87323943661972,56.19190344908933,29.95774647887324,92.78487668232636,3.0622639939947236,38.61290322580645,272.0031476618404,8.964123725891113,56.65646082662524,133.41873931348624,53.03030303030303,0
26.540533438444356,37.0,28.675675675675677,67.49456021233536,45.78378378378378,78.87953153448755,4.358558731566546,22.214285714285715,112.87638755089877,9.743352890014648,49.522683986785374,103.08340070059776,57.57575757575758,0
30.446140566080597,27.0,17.74074074074074,57.14685418757269,30.77777777777778,108.18163699540963,7.358929688062399,41.625,64.22706523650538,6.728024005889893,52.71807669830641,30.5,68.0,0
16.81568867432742,43.0,17.976744186046513,66.36896949492956,40.651162790697676,155.13810561869653,3.7263531173835207,64.63157894736842,131.3149551110769,7.064337730407715,46.645835361455184,90.2808949889178,50.0,0
30.266108989513246,56.0,18.339285714285715,60.450284127154674,57.339285714285715,159.75513634968826,3.1414693101649673,72.17857142857143,190.57730281749622,6.930651664733887,49.7621765736202,94.8071727244305,45.09803921568628,0
24.056623661354244,36.0,21.22222222222222,60.66072324828106,39.861111111111114,70.37606299776976,6.260362937749805,39.75,137.41382417809928,7.1586127281188965,41.02447076676212,0.0,51.515151515151516,0
24.133778455586967,49.0,27.0,62.074111462069794,50.04081632653061,103.40093978080493,4.755257259806041,28.238095238095237,97.23446224749345,8.065263748168945,38.39381107391954,197.74164963406164,52.27272727272727,0
24.798829553767373,101.0,24.594059405940595,59.70101869017137,55.37623762376238,121.92924973941766,7.213461731306099,44.46153846153846,114.40735503155317,7.310123920440674,34.100706091167204,389.19673529647196,43.47826086956522,0
30.249539038410884,52.0,28.134615384615383,57.553255422531976,57.0,89.80647644561492,12.307495597047089,66.83333333333333,125.41285541383583,12.336904525756836,47.41442681318846,34.037968995422354,47.82608695652174,0
39.214164198853254,79.0,34.75949367088607,69.96866647999605,62.59493670886076,110.37344287914479,9.602585923515237,118.65,179.36813494855664,13.033482551574707,48.9250512198107,370.9516267318422,43.66197183098591,0
28.316152042212234,28.0,22.178571428571427,78.76272600225732,36.82142857142857,108.76580642045501,8.403458585933349,44.42857142857143,139.7745133362591,9.321122169494629,46.486907968126694,20.049937655763422,44.0,0
23.736134045412395,50.0,26.04,66.2036961767368,49.44,131.85602242494073,5.921487427297164,84.03571428571429,146.30913822345627,10.302099227905273,48.3226809941381,60.73553783046261,36.36363636363637,0
28.318854138822065,98.0,25.744897959183675,86.91736544368263,53.36734693877551,125.62720385921008,8.358423439206172,99.90566037735849,142.56915862358912,11.073197364807129,36.28164335411071,133.86363293375175,38.372093023255815,0
19.5507351010764,31.0,22.193548387096776,48.08740360478782,24.93548387096774,75.21278798220527,6.087465158006901,8.571428571428571,147.8174377455771,6.554776191711426,58.897213209515655,0.0,53.333333333333336,0
21.862637362637365,41.0,15.609756097560975,51.88817271342753,28.926829268292682,108.84796159120349,3.135820602103661,9.5,133.37717173136775,6.0893473625183105,50.618636665716544,310.65557920128987,47.368421052631575,0
18.431146821671046,58.0,18.56896551724138,66.86841756025628,31.948275862068964,114.5884500011333,7.407470998545254,34.70967741935484,288.33186591001623,9.03156852722168,48.95286944082347,55.62573345334173,43.63636363636363,0
33.31003437695074,103.0,21.75728155339806,62.007159677538596,37.24271844660194,115.6090402311248,4.933676001094534,44.81132075471698,270.0389865414685,8.369545936584473,51.96925084856923,445.68670610643073,45.91836734693878,0
18.32193849201556,43.0,19.813953488372093,63.37614864045803,22.511627906976745,78.8570315152421,4.270690846615305,28.3125,199.90482339722448,6.571957588195801,52.39922461553865,29.011851026778693,58.97435897435898,0
19.766834800488336,62.0,22.951612903225808,75.1254743549975,36.33870967741935,120.23564649425049,8.464859804803329,85.92307692307692,242.64895885765426,9.423124313354492,59.05041200126945,56.77323312970647,54.385964912280706,0
34.571388842131455,97.0,21.690721649484537,70.9520978498301,39.78350515463917,116.61151415307225,6.951535470527327,44.645833333333336,155.0307893048934,9.738859176635742,58.860910810263306,102.28677007968007,47.25274725274725,0
23.746980998995447,30.0,23.3,53.698400406300074,36.666666666666664,90.38850700718123,11.272187996224257,20.428571428571427,123.09876825821917,8.466944694519043,51.781769439816884,0.0,51.724137931034484,0
21.215557795698924,54.0,23.074074074074073,67.57814736291277,37.53703703703704,136.18727189928396,6.997306624579323,40.61290322580645,116.92913938849696,10.097411155700684,52.71166272686085,350.193279965983,35.41666666666667,0
26.93777094282047,86.0,19.988372093023255,67.32667900850446,47.593023255813954,122.06247761659783,7.522989485044091,44.45652173913044,119.93666397424079,9.086398124694824,47.16573018615448,305.9491606278548,40.25974025974026,0
17.7490631864582,22.0,15.636363636363637,47.72402105539663,29.0,81.7268466004969,2.7905537233037863,17.875,120.81317032328838,5.416557312011719,35.74217250299153,0.0,61.904761904761905,0
17.995957876821613,40.0,13.625,64.3968688532038,36.875,144.33283304732902,4.1171216080297794,35.35294117647059,118.71853628647237,5.33371639251709,40.894522951546236,15.5,55.26315789473685,0
21.77241670932277,40.0,15.9,40.80302028486311,45.25,69.23116946982185,3.343471055086907,10.277777777777779,274.31404581180647,4.8978729248046875,31.31484382235624,212.33784401279016,48.57142857142857,0
21.354229118204273,62.0,13.258064516129032,70.14265067352213,42.274193548387096,202.60924373354908,4.721818612837756,28.585365853658537,74.50696167287401,5.487442493438721,46.47743646637657,0.0,31.666666666666664,0
26.532999164578115,24.0,29.416666666666668,43.19997065163614,34.5,92.37164437415373,8.616816547322331,29.0,111.90704097085582,7.875712871551514,51.71801681805608,21.5,77.27272727272727,0
23.540337080871748,28.0,32.75,45.389824015442436,58.607142857142854,102.20413827576557,3.074994571819228,98.75,174.67235156926523,9.374637603759766,44.82290943691508,51.383092766222454,68.0,0
29.86748884807137,44.0,32.31818181818182,51.49734660416446,70.29545454545455,109.52153081540068,6.332990651570686,38.94117647058823,83.11150030160154,9.229302406311035,51.999254719050256,414.8261684127461,57.49999999999999,0
23.235289755113545,35.0,20.62857142857143,54.91929634588555,31.685714285714287,70.05934597037948,4.234471982989769,10.8,119.99941732836814,6.9771728515625,39.29219708413219,26.0,69.6969696969697,0
18.221101391573992,52.0,17.615384615384617,68.7485171465699,34.78846153846154,146.14148232447283,2.9890404287476753,68.58333333333333,156.56261986121865,8.569372177124023,33.37047460214241,137.6571828856017,50.0,0
34.49174149207405,93.0,21.376344086021504,65.83667036286755,41.72043010752688,123.61312385928187,7.008956832028432,52.325581395348834,154.87581985903762,8.529728889465332,53.726150751465845,58.65790654293759,51.68539325842697,0
14.332848131974771,19.0,12.052631578947368,57.26021084096418,26.94736842105263,103.06912462427277,4.591935602355208,14.5,142.84354309498312,5.3743767738342285,38.51562960621025,0.0,55.55555555555556,0
25.877478166634795,15.0,17.533333333333335,76.17479089887445,75.8,132.78803578144297,3.6849813927828947,145.57142857142858,165.32397327361286,7.671600341796875,38.302122261001585,49.0,46.15384615384615,0
25.62874876127888,25.0,12.36,95.58929751209196,83.68,196.84432098700657,3.6657998251947728,141.5,98.99197198327764,7.980710983276367,53.72535232472367,7.794228634059948,23.809523809523807,0
25.380591509623766,14.0,21.071428571428573,49.65956839794459,37.57142857142857,77.92172254989202,0.6998542122237651,26.5,99.2137081438971,5.872101783752441,43.50254447742924,0.0,69.23076923076923,0
23.014023732470335,25.0,16.0,42.38955974518544,31.44,65.57459544188403,5.12195031213697,3.0,119.25691904768243,6.176072597503662,35.713276432782486,32.0,56.52173913043478,0
14.191641411306918,28.0,15.928571428571429,57.58622443660838,53.82142857142857,146.993245699603,3.7951379275213513,85.78571428571429,152.74241501530233,6.782327651977539,33.35318523355873,68.82506003549064,44.0,0
22.630132262252513,39.0,14.333333333333334,68.14450592267217,69.41025641025641,192.6981764946994,2.9803443752110486,76.13636363636364,59.049121500826,6.183237075805664,35.08705998295565,359.1510824151864,37.142857142857146,0
26.677477944992216,28.0,24.964285714285715,58.191225712828206,36.67857142857143,86.27459032689889,9.412363815354388,28.583333333333332,94.91799467997717,7.931687831878662,43.874327894013106,30.5,53.84615384615385,0
22.58720930232558,35.0,27.485714285714284,55.10394711865237,52.542857142857144,114.54029005334408,5.422768616453917,31.705882352941178,122.6924509829425,8.704773902893066,51.44255948451545,0.0,48.484848484848484,0
31.82638091345,57.0,22.43859649122807,65.25873140710044,66.7719298245614,158.22646814515284,5.329063992381269,113.18518518518519,153.45781901696245,8.529690742492676,42.428581735207615,170.56613249867502,47.05882352941176,0
30.951825951825953,30.0,24.733333333333334,53.76936042026805,35.766666666666666,74.46645000532106,5.344343000058579,50.583333333333336,216.89525347278038,7.606303691864014,42.174937078092384,34.5,57.14285714285714,0
21.227792851244544,50.0,21.82,59.63960479816475,40.66,95.98621279043932,5.134606447068489,32.111111111111114,161.572054265927,9.033475875854492,41.98429819160008,290.7808453113788,41.30434782608695,0
32.2056696734974,87.0,23.586206896551722,65.06762040231936,50.804597701149426,103.42108604326503,5.85030615181426,50.46341463414634,205.6759090659085,9.340932846069336,44.136682163445016,445.1342494124666,48.10126582278481,0
23.708260550365814,28.0,18.464285714285715,48.29977138891076,23.678571428571427,79.25931728612815,5.069882020688815,24.0,103.24592647611861,5.524970054626465,50.49359515163767,26.0,84.61538461538461,0
31.23092797084587,34.0,19.11764705882353,49.424615768406184,44.55882352941177,153.28444937149385,2.249450608135895,88.36842105263158,234.472532974506,6.458467960357666,53.08894124326236,54.5,40.625,0
27.274870344177277,75.0,18.64,49.93318040186452,37.4,164.68562066755547,3.761009077305553,27.285714285714285,82.0019619097988,6.302645683288574,57.25744112697464,328.65863749489375,40.845070422535215,0
28.52853133769878,35.0,31.62857142857143,53.169658773578966,69.11428571428571,140.70064849113342,8.346691246695553,131.41666666666666,128.46738331814262,9.485004425048828,51.63014862492413,58.40109159938708,61.29032258064516,0
22.11409073433295,23.0,15.652173913043478,55.172285547440666,30.347826086956523,141.65758027616354,4.302810441300176,19.666666666666668,120.1896840464439,5.750067234039307,48.277727019651294,0.0,45.45454545454545,0
24.74968175859252,47.0,14.46808510638298,50.6877406251616,46.40425531914894,82.6632219856596,2.493213730249249,36.80952380952381,210.6701460410592,5.337787628173828,26.767364995875234,163.95905412197104,47.5,0
25.440740094257286,22.0,22.40909090909091,57.33192892860094,38.09090909090909,87.83042985329786,5.618224492352026,21.5,123.54798786074464,8.211751937866211,40.49213902753018,23.0,70.0,0
37.581129947814,49.0,22.448979591836736,67.85594551587437,70.28571428571429,179.65341006982476,6.323583725147368,147.8148148148148,113.40982214460497,9.499874114990234,33.2480895842185,50.14618629566958,38.63636363636363,0
17.34767025089606,23.0,12.08695652173913,43.90846980517589,22.347826086956523,75.10382490534596,2.687974443995004,3.2142857142857144,181.47537805854276,5.035558223724365,48.42635299124298,18.5,33.33333333333333,0
14.062239800166529,36.0,14.416666666666666,68.18604049715309,49.97222222222222,147.06279044744895,3.029592647182272,38.666666666666664,113.96743329882759,6.810791969299316,19.817481165080142,282.396175611498,32.25806451612903,0
25.389805097451273,23.0,23.956521739130434,61.8339631394965,41.391304347826086,77.93126433352148,8.390396911384972,17.571428571428573,74.69062389797003,7.683304309844971,39.12261326834452,43.5,66.66666666666666,0
27.72593896713615,80.0,19.1,55.36880994467921,49.0125,109.78635000312916,4.0852649735943825,81.0,204.95650129129194,7.694555282592773,34.9499806455324,272.00232592042744,57.534246575342465,0
30.01938009479488,71.0,18.281690140845072,48.32836099646817,50.11267605633803,151.2303292744403,3.9351758295486126,64.78571428571429,229.7571332067811,6.703607082366943,48.82988888781318,353.29104149411995,36.36363636363637,0
17.666400071092152,39.0,12.923076923076923,49.29586968788162,31.358974358974358,85.75378319974611,4.37190792678463,8.2,126.28085025081712,4.9507646560668945,45.31696987446058,44.78342947514801,58.333333333333336,0
30.281036002440842,77.0,24.2987012987013,56.04509837099263,53.05194805194805,125.17469417625063,4.207708972625274,61.972972972972975,270.99672219907865,9.436444282531738,50.444276682458984,228.5333065927639,47.88732394366197,0
40.4049613551164,84.0,26.36904761904762,65.19779557372783,47.107142857142854,90.99343665629952,7.505512582948801,89.6,190.89924438818355,10.095769882202148,40.07382414075472,62.18671481916375,68.75,0
25.1978221415608,55.0,14.290909090909091,51.77725926627378,35.30909090909091,133.2025987771004,2.8852027574727326,23.6,136.29057383836295,5.404927730560303,50.17107842268288,34.83446569132359,50.0,0
30.5869308101715,37.0,21.18918918918919,59.25921842564088,29.594594594594593,102.70793681802807,8.035137679368443,42.2,212.57601125035254,8.229290962219238,51.63560075535883,12.5,57.14285714285714,0
24.033600685947018,56.0,23.321428571428573,61.244062110673624,41.82142857142857,97.40177863276112,6.493974150556632,29.695652173913043,172.4354649756154,9.325218200683594,38.43726225406567,358.9070213857622,55.769230769230774,0
36.79810907413813,110.0,31.10909090909091,56.935162656498164,62.58181818181818,106.63304267448659,9.843727237308372,47.214285714285715,168.93237684194767,9.280463218688965,44.319654122031935,17.84628241170601,59.22330097087378,0
11.878927203065134,86.0,22.476744186046513,32.89526764287993,16.674418604651162,46.88827263788017,4.284638479389233,12.11111111111111,106.56526175927274,2.7055954933166504,67.27461839973273,11.113055385446435,12.195121951219512,1
5.892118355590468,106.0,19.61320754716981,44.841756098649796,13.254716981132075,53.116160991719994,5.512569436078811,21.71764705882353,274.4791870339062,2.4818553924560547,66.90893080520874,157.55029252450223,8.60215053763441,1
14.541765876805412,237.0,27.552742616033754,75.81663114841895,23.873417721518987,65.37402567908502,8.387566909250863,12.88770053475936,138.6856092951389,3.4544599056243896,54.65008566325306,44.46845833826768,16.517857142857142,1
7.949402253644224,85.0,19.211764705882352,32.53153895154353,13.894117647058824,63.26706123301465,4.218907641012244,26.56,143.68032376361796,2.5719659328460693,68.56782854414857,54.439042745074055,2.5974025974025974,1
4.54602566262354,201.0,64.37810945273633,77.28167961013438,66.19402985074628,173.83629523187776,21.854153906439727,56.15068493150685,194.0299964645301,3.136897087097168,65.46314777271718,284.2231615395824,20.21857923497268,1
23.868962219033953,116.0,21.32758620689655,44.472033324558545,43.86206896551724,66.3449571445702,7.267357670668216,19.6,144.6576565148038,2.7194364070892334,28.32205155690751,9.106774035482232,15.841584158415841,1
7.702759877628067,46.0,25.304347826086957,47.27834065422481,23.043478260869566,79.83406261062889,9.120451356650753,21.114285714285714,101.10291635253425,2.8226335048675537,60.54067513324373,150.52654250995073,14.634146341463413,1
11.699017046161503,224.0,10.535714285714286,39.297183042823775,11.540178571428571,60.590281734922556,2.442748582504993,8.922705314009661,97.73072545837535,2.638665199279785,53.80525436047778,15.83307899723059,1.8957345971563981,1
10.603711970899472,920.0,41.49673913043478,195.90890635613377,63.80760869565217,254.03470741401117,17.238366387182158,178.8360902255639,146.10560472906053,5.990472793579102,55.208873125811806,623.2515690942879,14.961636828644501,1
8.355900070092673,91.0,48.64835164835165,62.53687561024148,41.043956043956044,89.151422193022,11.858102452103434,35.827586206896555,142.77910809479496,3.596116542816162,63.29167309425911,184.09786715591798,29.268292682926827,1
8.916474960617576,269.0,30.550185873605948,49.813727025643395,25.364312267657994,101.08379684572787,9.87195917501344,24.22374429223744,153.16014271369505,3.221672296524048,63.34085446945533,89.56502293492329,13.779527559055119,1
11.87424675768532,289.0,25.041522491349482,41.32006780171683,18.162629757785467,66.29901772523009,7.851113948229088,17.43421052631579,128.64728941662545,2.8354921340942383,60.892648910002144,6.485304279494767,17.391304347826086,1
10.412891459901497,222.0,38.54054054054054,71.64685861849775,35.909909909909906,96.67592061691212,13.532656969201131,43.70322580645161,188.76014753667533,3.424093246459961,59.29105378163189,92.98756637314474,24.75728155339806,1
12.492257494576016,313.0,15.511182108626198,220.55138535967455,16.654952076677315,65.98163144446282,8.001314343314055,7.909433962264151,107.3811727719877,2.8134524822235107,45.4969645116171,154.0980505511782,11.37123745819398,1
11.309319164452779,270.0,21.807407407407407,54.5452613199575,20.625925925925927,80.53206628793605,7.5393332642332105,25.80808080808081,215.97483353047585,3.3450965881347656,61.09595471204735,20.475025437509636,22.35294117647059,1
17.501307531380753,349.0,14.217765042979943,44.95803366316835,18.12893982808023,75.80670753137217,4.87177424066684,9.815094339622641,164.8563798930045,3.238011360168457,46.694884241831005,162.94510655577412,18.711656441717793,1
17.332144979203804,44.0,20.136363636363637,76.97582745011917,22.431818181818183,61.35594356582094,5.140535228056098,15.517241379310345,87.90061161707709,2.634068727493286,51.929246106946465,46.51595828315268,19.444444444444446,1
9.738562091503269,79.0,10.164556962025317,33.29575253563579,9.987341772151899,69.79829901861606,2.0128894105878716,6.424242424242424,97.32537779104582,2.566401481628418,57.08407607714197,18.748333259252675,7.042253521126761,1
10.562123135512536,44.0,16.863636363636363,36.47986624834781,17.727272727272727,51.607935971159016,3.3440847409849734,14.342105263157896,139.88258678060805,2.5509581565856934,53.9508014129057,6.49519052838329,5.0,1
9.059950898867507,79.0,8.556962025316455,24.43919220235263,10.316455696202532,43.556031320168294,2.3384681605657636,21.9,252.04266997406378,2.478511333465576,45.65914766479544,143.77769191136022,0.0,1
20.40473508428687,34.0,20.529411764705884,85.30889665930913,27.470588235294116,92.31282667378461,7.95461037795302,9.4,140.1431570491421,2.9722931385040283,44.96384262789898,24.155744658362327,23.076923076923077,1
14.971144278606966,106.0,11.40566037735849,44.42580227442432,10.90566037735849,68.89006817135439,2.1548246860368816,4.443298969072165,137.37220102279477,2.622145175933838,55.988597033184604,20.725722075613085,3.0,1
16.81391397657158,59.0,22.593220338983052,64.94353851480204,41.86440677966102,90.10888675732652,6.202453370926359,29.763157894736842,106.58146728436839,2.68690824508667,33.23533307030577,34.37636360931737,25.49019607843137,1
20.345447718424538,33.0,20.09090909090909,89.22635911150135,27.12121212121212,96.89927269843366,5.351323463788947,12.0,167.16590497777239,2.946244478225708,46.40473263767538,36.06396227537956,20.0,1
15.360158966716345,122.0,8.80327868852459,31.58607017501399,11.991803278688524,56.90463399237886,2.8632519649708597,8.547169811320755,114.97288425943441,2.5660524368286133,45.94677986260992,31.29360957128468,5.357142857142857,1
18.871772532868683,57.0,17.859649122807017,75.59166855912186,19.280701754385966,58.94977029420825,6.2221840712609655,5.846153846153846,93.08995832546532,2.9029622077941895,50.34271179316562,27.188414380820554,18.75,1
14.18049710156436,92.0,12.815217391304348,139.90526918599576,10.967391304347826,60.697087615112736,4.689735352059856,6.1625,132.3645377865982,2.547025680541992,60.29304762150629,18.560290272514596,4.761904761904762,1
22.99056135121709,43.0,18.302325581395348,68.31927999437154,33.48837209302326,66.45198163198658,7.356712973263823,23.736842105263158,105.45748741799376,2.744220018386841,24.903334761066688,30.983866769659336,45.714285714285715,1
20.11039595082,102.0,14.588235294117647,48.72084384500579,13.352941176470589,74.79911018094836,2.983666211579216,7.813186813186813,369.0145745440897,2.576669931411743,60.62155034205597,12.657891697365017,5.208333333333334,1
9.2725,266.0,15.026315789473685,72.49733281279251,17.830827067669173,99.16989730531121,4.746340566504151,25.943502824858758,217.12685106734057,2.5223748683929443,34.352601550231384,105.65811731761097,29.761904761904763,1
9.801911895141421,121.0,15.545454545454545,143.33092621760363,10.256198347107437,42.99690186185318,4.639693905567607,7.693693693693693,131.88056635789127,2.493237257003784,68.30997319878978,22.146881834696277,1.7699115044247788,1
11.93160540061102,142.0,16.225352112676056,84.6774683061179,10.380281690140846,57.29916960102447,4.043269634174014,13.85483870967742,149.86480033148106,2.489065408706665,72.96573567162012,7.774720637536473,5.343511450381679,1
12.745088480475797,144.0,14.0,148.6212989289337,13.0,62.676439084275536,4.882847115264794,11.03968253968254,91.81334333631465,2.490140199661255,56.08775850054271,88.57364134339517,3.816793893129771,1
16.360607022301725,179.0,16.64804469273743,55.94375068736183,14.8268156424581,75.97467543216186,5.877397607206563,11.24,107.66069606364807,2.7663395404815674,58.59555427050107,7.227129787037014,10.714285714285714,1
16.641758241758243,72.0,16.194444444444443,84.44527016452871,32.111111111111114,55.897882481867775,5.350369292384175,11.981481481481481,95.80307525034003,2.9169318675994873,30.16394122675083,38.370707896646834,6.896551724137931,1
18.792619372890165,183.0,38.256830601092894,89.30236448388385,33.513661202185794,93.42663458525685,14.769546207393393,30.59504132231405,129.15200493303823,3.558342456817627,59.287636282967625,156.90376955130262,28.823529411764703,1
15.779509305170972,85.0,12.976470588235294,69.14924207442292,20.658823529411766,73.32618435264678,4.107568641800404,8.777777777777779,102.26897972667584,2.994184970855713,43.100398182842646,30.520823402343275,14.864864864864865,1
22.997737275281597,106.0,14.641509433962264,124.542743777359,21.754716981132077,69.64326860515796,4.881496607095119,7.295454545454546,108.97682797330623,3.325880765914917,40.247647545595555,25.753726679256005,5.376344086021505,1
19.706245433703675,148.0,12.466216216216216,49.01991433828891,15.277027027027026,58.33825585649293,3.2811206406204443,11.116666666666667,128.52964842573994,2.8935227394104004,46.711685090627206,21.16444173017564,9.090909090909092,1
14.0030259595477,91.0,13.780219780219781,42.71955639573753,10.43956043956044,48.86818254736025,4.51871110934244,6.935064935064935,99.72080113592968,2.7199344635009766,49.1587176403311,25.58379589202701,8.333333333333332,1
25.017491254372814,23.0,25.26086956521739,90.5976714018923,33.69565217391305,89.58723442842184,10.902741870942874,31.333333333333332,128.79108061156296,2.8805601596832275,42.49187233782095,30.678983033992505,16.666666666666664,1
21.01362716657322,45.0,14.133333333333333,48.25635041906626,29.68888888888889,56.177329445314626,4.966163138350309,12.971428571428572,188.8506598596199,2.9638051986694336,27.43293712251388,47.45112617209416,5.405405405405405,1
10.025641025641026,141.0,27.97163120567376,42.09207359768121,22.53900709219858,58.69751766488667,6.9039998759062895,15.466101694915254,110.05528869766003,2.705033779144287,64.73660107081983,289.9268028665307,11.940298507462686,1
7.535334413553013,53.0,48.056603773584904,38.312872325695906,28.433962264150942,57.17794299184222,5.940689921192378,27.105263157894736,103.3349055698604,3.0144906044006348,76.1247567034087,5.0039984012787215,20.833333333333336,1
14.68973832919411,253.0,17.051383399209485,55.72259081590746,15.940711462450594,67.34829341399548,5.409750718415074,11.774193548387096,155.29284794097137,2.748462200164795,58.59317543938039,25.272404801372673,7.659574468085106,1
21.52888888888889,90.0,9.544444444444444,39.94711358315976,15.733333333333333,50.21498991693048,3.4044395342974445,5.333333333333333,97.62810264356393,2.634782314300537,33.96986741113223,11.821590417536889,1.2195121951219512,1
16.249069421179975,134.0,25.507462686567163,83.36821131755563,45.06716417910448,98.21185678510088,9.559059631981551,34.214285714285715,144.60579412937642,2.635849952697754,40.60394688706531,64.40145572888862,26.31578947368421,1
6.238488245977705,195.0,43.46153846153846,51.185480487464,24.487179487179485,58.100708055724205,20.110673323309975,31.446666666666665,145.50380446620846,3.726715326309204,74.77577238218993,287.4559086334529,17.582417582417584,1
8.641838517089449,83.0,18.879518072289155,37.039796736318046,14.602409638554217,52.81030451870018,1.4059014541173906,17.414285714285715,132.7921870610284,2.543267250061035,68.71685816415798,68.14132373237256,4.10958904109589,1
19.519912711402075,188.0,19.49468085106383,33.38855842104286,14.377659574468085,65.49423499375422,3.4967986798869526,9.677631578947368,114.77487137635407,2.6617000102996826,60.041213580951656,3.9792852051344165,14.124293785310735,1
35.29839732263496,34.0,41.794117647058826,52.880830830027946,57.470588235294116,100.7871849830699,11.777235199729752,34.53333333333333,81.46534922794552,11.462796211242676,54.016343108335796,547.5,53.125,1
31.303492375799312,28.0,30.535714285714285,56.56987063843724,39.75,74.35418341816239,9.340577310410945,24.7,191.85370739714818,8.483617782592773,50.95790488569266,29.5,61.53846153846154,1
28.00289351851852,35.0,31.942857142857143,58.07316795577299,50.628571428571426,84.59245423900094,15.0758350442038,59.92857142857143,249.32066576702968,11.801652908325195,52.592093679505986,561.4946324073119,56.25,1
23.372879193774715,85.0,24.08235294117647,63.90570513886388,46.470588235294116,91.19020882009397,8.029511015177173,49.108108108108105,156.55892517982824,9.57385540008545,48.690708641818176,122.58409103550102,51.94805194805194,1
30.76845674726557,136.0,23.801470588235293,65.33656445072178,56.24264705882353,96.80327136916362,8.300575897343125,80.98461538461538,170.88173241696865,10.974766731262207,42.26274514511452,396.06414323383973,47.58064516129033,1
36.92181407757029,32.0,32.8125,64.76386354278038,49.375,68.72613283223335,8.441820850060221,44.94117647058823,196.59894570526976,8.285000801086426,52.584750463501564,6.5,43.333333333333336,1
39.273222209792294,54.0,38.148148148148145,50.24184943295722,61.129629629629626,79.96629048482711,6.640365986951288,11.764705882352942,155.0015997196981,9.732036590576172,45.98623644955269,555.7859300126264,66.66666666666666,1
41.61083773047963,56.0,37.267857142857146,55.12507483351497,59.267857142857146,81.95136928417287,10.099320151427825,22.217391304347824,127.96907715577177,9.075179100036621,49.39459012759771,42.868257487329714,55.769230769230774,1
38.705224238932104,32.0,30.625,64.64847226765305,38.09375,72.22419591216972,14.943513433928448,12.846153846153847,71.3354321084295,8.5343017578125,52.28319894625337,0.0,58.06451612903226,1
18.839904365967687,42.0,27.833333333333332,51.798012325114115,47.333333333333336,94.5004880503611,8.760356687507613,25.666666666666668,96.96698752630977,9.214006423950195,56.919609180124795,485.23866292784214,59.45945945945946,1
48.21518987341772,134.0,34.57462686567164,49.038533553925475,50.43283582089552,87.75324738162415,8.168031564086286,42.18032786885246,207.21640967685292,10.977215766906738,54.99550961306566,428.99241228245336,51.96850393700787,1
31.703418312976474,35.0,25.457142857142856,59.65014707674631,50.48571428571429,99.00210976523725,9.87935768868736,73.33333333333333,170.14213563352752,9.178237915039062,50.76515005169727,16.0,72.72727272727273,1
21.07961376184022,31.0,25.93548387096774,65.43328647454916,64.2258064516129,117.14270535724134,8.841690526894261,67.27272727272727,103.95379360749999,9.104403495788574,47.5979844016443,503.82263744297956,56.00000000000001,1
32.73891294772328,67.0,24.62686567164179,57.39921665139776,50.223880597014926,92.97856621260429,9.122011945403854,37.96875,194.69289686184413,9.103492736816406,41.74194040231171,97.42785792574935,49.2063492063492,1
31.255850663534073,84.0,21.69047619047619,64.37949531071138,49.36904761904762,78.69255453558092,6.314792591091675,36.06382978723404,154.62715613498912,8.053789138793945,35.93643658228656,21.650635094610966,41.25,1
29.018909785104352,40.0,32.725,58.01529032447406,51.7,67.97016278351997,15.771291720081605,30.636363636363637,137.88994903226973,10.713245391845703,48.73491243315423,13.199326582148887,70.27027027027027,1
35.94602801684527,63.0,28.682539682539684,55.16685397910803,58.36507936507937,100.99920879556814,8.967825755122496,102.81818181818181,186.38907714416237,9.739335060119629,45.936364795993704,100.45894683899488,62.71186440677966,1
40.09525144254468,85.0,32.694117647058825,50.00198927864752,68.07058823529412,97.64543497864466,10.348012446036856,63.26315789473684,194.17068423371734,10.14944076538086,46.69883136870147,238.1412396037276,51.89873417721519,1
32.46823183015652,47.0,27.5531914893617,58.36703729035994,60.1063829787234,118.42600284031155,9.823484512483434,48.5,69.62083829131328,9.714666366577148,49.273598980925435,616.7533948021688,53.48837209302325,1
31.13453516090584,30.0,23.733333333333334,52.73796699645976,37.63333333333333,96.9757014314996,3.9558327214166162,63.81818181818182,200.56403054151133,9.2713041305542,52.56174168052137,149.43523309075704,59.25925925925925,1
32.7133062468258,47.0,19.893617021276597,51.317730028159325,35.59574468085106,122.16271492026863,2.6491088648407364,37.629629629629626,170.90587684513181,7.968949317932129,47.933307313487084,390.5,40.0,1
33.84092346616065,77.0,20.7012987012987,53.322161347795785,39.77922077922078,113.81738575787483,5.053707959414458,21.75,87.58768386310753,7.775179862976074,53.55712001811116,0.0,41.333333333333336,1
42.72532554640657,30.0,40.53333333333333,43.94279975400415,59.0,81.47824941557776,13.02134998974974,30.3,91.22353103298545,11.889185905456543,46.2605108566364,0.0,65.51724137931035,1
50.13487199804436,58.0,41.327586206896555,50.53140456103201,64.03448275862068,95.75819654920326,15.400467508562537,21.235294117647058,171.3546547934061,12.327019691467285,54.70754016629244,35.82674358011841,69.0909090909091,1
47.20892991116744,75.0,38.81333333333333,57.507323538753184,63.42666666666667,97.08220396343535,10.85124938371257,46.125,199.89280213769732,11.818047523498535,59.27597168151716,30.15559649550975,65.71428571428571,1
34.03379993171731,31.0,30.483870967741936,44.07353272646969,52.41935483870968,91.3224531593172,10.66488885635562,33.63636363636363,97.7287701106757,9.517688751220703,48.454754641679415,0.0,63.33333333333333,1
37.76717539631979,68.0,41.94117647058823,67.72109606055164,65.07352941176471,89.73699859687423,22.78551807593799,43.6551724137931,147.506933185319,12.168200492858887,53.69203883632574,9.797958971132712,54.6875,1
32.19814532222092,49.0,29.142857142857142,54.96319925286976,47.775510204081634,92.31389188917544,10.046659790741728,26.125,87.26385711757874,10.310547828674316,51.25615917344018,0.0,65.95744680851064,1
44.17568108974359,56.0,29.214285714285715,45.2111215057508,53.142857142857146,114.94756715847086,6.256179710476888,46.84615384615385,138.96370109672546,9.235339164733887,55.43449809979865,373.56692840774866,50.0,1
40.817707980775744,31.0,26.838709677419356,65.01326005027784,42.45161290322581,88.44312167525942,18.137407630517533,18.454545454545453,78.84235641245382,8.907174110412598,43.36377199143403,10.5,62.06896551724138,1
44.28248252141958,37.0,27.43243243243243,55.74683178770539,42.67567567567568,146.41131824003,10.654820546426496,33.416666666666664,165.53100023399426,7.8695292472839355,61.26775617106578,0.0,66.66666666666666,1
44.4397999336956,68.0,28.852941176470587,56.35814312630226,52.75,130.87571563208195,6.706034810444699,44.23076923076923,136.04624726067988,7.826476097106934,54.91042431190825,488.0335541743006,39.0625,1
24.142231530845393,35.0,20.057142857142857,54.07967002401385,37.34285714285714,93.13716323629974,3.156449822777008,37.25,236.6940006898869,8.234585762023926,44.19955913520246,221.5,39.39393939393939,1
19.903803054856397,86.0,23.337209302325583,62.33788955093663,40.63953488372093,88.49376301184233,5.986972093106326,34.91489361702128,197.78435661410992,7.763473987579346,55.70399587480862,37.67210506462308,42.68292682926829,1
28.868634832573807,168.0,21.726190476190474,60.97689464557163,42.220238095238095,95.39161379331149,6.035747814435705,21.32,164.98305234484107,7.751645565032959,50.931924598280894,68.77397309302408,37.5,1
29.516851743619714,29.0,30.551724137931036,68.66644771699497,46.41379310344828,66.0991315276722,14.547035174914768,142.25,129.5195206917348,9.271297454833984,38.6017699680936,28.718460961548757,68.0,1
41.90586457368498,76.0,39.776315789473685,60.259622345703065,68.23684210526316,100.92450632800876,20.179053564957297,42.57142857142857,163.82851012834388,12.832154273986816,51.0839448637788,0.0,61.111111111111114,1
58.6717109776124,119.0,45.60504201680672,59.35646107782573,61.38655462184874,86.23542089521132,17.695456625617595,28.12,98.74846018622088,11.566998481750488,55.80522244306495,58.50675174712745,56.14035087719298,1
33.34818129025446,108.0,37.73148148148148,48.05408520739196,61.77777777777778,72.08551305187345,15.719741478735186,34.642857142857146,185.18666100024163,12.654996871948242,51.03228559340195,78.8315175755567,72.27722772277228,1
43.47893818544367,30.0,37.833333333333336,47.80699749995668,46.333333333333336,80.66349085216018,17.867910404471537,26.142857142857142,66.04565836869341,9.227624893188477,54.01900864975608,0.0,75.86206896551724,1
34.42905925175428,73.0,29.602739726027398,65.35198070154149,50.23287671232877,96.94668530552136,6.853363839729579,32.94117647058823,217.84967124475867,9.232751846313477,55.704794646131006,98.30946037894827,50.72463768115942,1
31.056612256441124,87.0,30.39080459770115,53.68761610082717,45.01149425287356,77.8279211220847,12.108509189516273,16.0,100.37429322603033,8.300747871398926,58.73801860530849,195.58772967648048,69.51219512195121,1
43.072844628861226,24.0,33.916666666666664,49.87593804588251,44.75,70.22311397355003,16.510045342827567,29.857142857142858,79.08498686851961,8.526787757873535,50.67093364406529,0.0,69.56521739130434,1
48.37027379400261,24.0,33.25,51.5188481140975,67.79166666666667,125.5055463474303,15.638938227670346,38.875,72.32868457094551,8.501938819885254,54.27707487526661,0.0,65.21739130434783,1
38.94002516260742,50.0,37.02,43.45724141887119,70.32,108.75983394531785,11.404711652279593,111.17647058823529,272.6630627256229,10.361454963684082,47.17936077936292,0.0,63.829787234042556,1
30.378529591747533,30.0,31.533333333333335,43.100453497770204,50.9,89.64047415081819,8.885183862538007,25.0,100.45713292895384,9.688764572143555,46.4254088635266,47.5,60.71428571428571,1
27.971775672190873,74.0,31.10810810810811,48.578350721028485,49.83783783783784,103.35976429197342,10.753530457760954,34.0,201.1644244076533,9.953415870666504,52.779163741928905,365.6174761808971,57.35294117647059,1
43.95172901871781,139.0,32.42446043165467,54.92124946666506,49.280575539568346,103.91483082485915,8.244236739030125,53.43055555555556,193.47134906988126,9.366863250732422,51.57744046774286,171.10810727431942,45.038167938931295,1
35.68661038378401,24.0,36.291666666666664,48.203893926693304,42.958333333333336,74.36786231515623,14.463975844221473,24.0,99.94210871077891,7.76125955581665,58.36772166401,0.0,73.91304347826086,1
39.92350691379817,44.0,30.386363636363637,75.2588020561696,62.20454545454545,78.2003176893113,8.322062153973105,36.48,248.393521671011,10.30121898651123,40.816746550942774,52.32590180780452,39.02439024390244,1
45.04259662577639,79.0,38.949367088607595,58.84209080628614,59.89873417721519,82.90234866285606,7.0590464478366535,32.61764705882353,142.17009663446728,10.426900863647461,54.75520170733682,104.34305066568747,53.42465753424658,1
41.80353683169133,115.0,42.13913043478261,55.03266119036273,61.59130434782609,98.05566696073899,13.726779042572998,36.319148936170215,132.74269790032952,11.737269401550293,59.12201148996171,316.8820678075034,56.481481481481474,1
45.58812615955473,25.0,43.88,48.704664644595155,71.44,70.3061998068527,18.861346717559698,26.666666666666668,151.5028820798988,10.189827919006348,54.170436762948114,0.0,62.5,1
47.442247555283664,72.0,36.80555555555556,58.10825599035046,70.20833333333333,76.81861495654726,18.36782034418215,62.8421052631579,149.43973891962315,10.720139503479004,44.72838820197531,0.0,72.05882352941177,1
39.98390061382187,65.0,38.87692307692308,57.35976451309553,74.26153846153846,74.98745409024828,14.890213719156145,36.375,153.0035643543893,10.995617866516113,46.14094875840672,387.0193793597421,60.0,1
22.48659626320065,23.0,32.78260869565217,40.20689847509914,84.04347826086956,60.90964955401559,10.195466414450909,52.8,75.08603738101502,12.25853157043457,36.45271756987605,70.71067811865476,75.0,1
31.734084880636605,78.0,34.65384615384615,52.92131596048496,61.41025641025641,70.71435662130595,14.77659990314379,101.63636363636364,121.71417510051468,12.161919593811035,38.199607571233315,139.2,84.93150684931507,1
26.57038540351153,34.0,33.61764705882353,41.046917573705564,56.088235294117645,60.97303395815691,13.592640991036294,49.0,93.77989405516132,12.510626792907715,36.958429190406356,0.0,84.375,1
20.754384806672387,34.0,16.91176470588235,51.496174800584996,33.470588235294116,96.88629743853541,5.737586782523823,14.277777777777779,179.85451469229486,6.829853534698486,42.53020171425342,0.0,43.75,1
21.657264604467127,35.0,29.257142857142856,56.75617733158631,51.0,126.45028143126831,9.286359401102503,100.47058823529412,215.19124498952792,7.916860580444336,50.62738877783452,9.526279441628825,45.16129032258064,1
20.12290620165403,45.0,18.155555555555555,56.79050455564234,50.62222222222222,96.94921287722853,3.252668394529511,90.0,223.4601298159681,7.398157596588135,39.33976036078813,136.1350432475048,56.09756097560976,1
24.58341463414634,81.0,17.790123456790123,55.798036398901594,49.93827160493827,109.47586916077215,5.033269889457038,32.02857142857143,115.57966636218143,7.71884822845459,38.333919332316704,352.27852616927987,53.94736842105263,1
38.24763088395215,45.0,27.955555555555556,76.18464258951889,53.2,79.44367853138556,4.420090706351161,40.733333333333334,276.82390475100084,10.288985252380371,44.75052338175234,13.199326582148887,28.57142857142857,1
28.731090089011296,81.0,24.839506172839506,69.20966291784399,53.876543209876544,91.00144333176557,10.639264761267848,72.3157894736842,198.91199574923212,9.01023006439209,44.483035537635075,35.312598202861466,48.64864864864865,1
43.595949902209696,96.0,29.510416666666668,61.49731480219541,60.979166666666664,107.18868247973843,8.056308728297891,48.734693877551024,174.39268187427163,8.854552268981934,51.57881401332754,332.89471141622073,45.55555555555556,1
29.21577380952381,21.0,27.714285714285715,60.430310766959295,38.76190476190476,83.15927776001377,10.667729538882172,24.77777777777778,89.7174796770011,8.087787628173828,43.935901368840184,0.0,55.00000000000001,1
21.57593564944546,34.0,23.852941176470587,51.72813548703861,58.88235294117647,91.7811186576381,6.451370806854951,16.666666666666668,120.85527811097103,8.202661514282227,36.7272114049821,338.4684459279607,61.29032258064516,1
27.04453154275413,38.0,23.526315789473685,57.407290610640274,74.0,107.59926333833576,6.772492036046906,65.93333333333334,143.28869945541146,7.452577114105225,26.049240322438905,297.1110903349116,55.88235294117647,1
32.79441646788585,24.0,22.166666666666668,53.752823294504594,35.958333333333336,61.880968213049435,11.111102430552165,5.923076923076923,120.56255590788199,7.549217224121094,36.851579558477134,0.0,43.47826086956522,1
19.4236041382267,35.0,18.37142857142857,56.971648862926926,47.02857142857143,114.9019620006754,5.833685287570168,16.1875,273.38277771081965,7.848029136657715,40.98030047109828,0.0,50.0,1
25.292452830188676,27.0,26.962962962962962,58.19184354971405,64.66666666666667,132.97303827170418,12.678448467993059,36.81818181818182,67.95373767491719,7.4467573165893555,47.83106052930581,540.3998519614897,52.17391304347826,1
22.713003007617836,74.0,17.175675675675677,49.563582705414724,38.7972972972973,100.65275413859054,4.438985711796781,23.75,106.57139803253128,6.810510158538818,45.737094615563095,155.0185472774145,48.57142857142857,1
36.13277919863598,25.0,34.16,43.46518284252598,46.0,87.7183995742504,15.291095448005024,24.6,78.6603715629881,9.124465942382812,55.732076781234284,0.0,58.333333333333336,1
29.327658310855952,27.0,32.81481481481482,47.65279113085637,61.44444444444444,133.3445577418411,7.900393554844175,20.545454545454547,90.33052916801591,9.701200485229492,53.917424588360376,0.0,54.166666666666664,1
36.44044607506436,86.0,32.25581395348837,38.017350893521886,52.51162790697674,111.5344062934407,9.389503202837655,32.375,103.2549639025887,9.455524444580078,63.64038719811986,0.0,51.21951219512195,1
29.573037393396017,37.0,34.567567567567565,49.85072395666363,49.054054054054056,81.36198258850338,13.13108223208669,111.11111111111111,221.0523447522,11.138067245483398,56.69547179780414,89.20061658979718,72.72727272727273,1
35.788298111362224,84.0,36.654761904761905,45.50792788610114,52.107142857142854,81.24304837980769,12.981530074745981,14.714285714285714,117.48574943063335,10.58719539642334,56.96915374101641,173.20508075688772,65.0,1
58.072645990500135,124.0,37.11290322580645,41.97659437987774,52.193548387096776,81.62601206730339,11.561393271879869,24.23076923076923,134.924239637052,11.783856391906738,59.60340458826091,269.6,67.22689075630252,1
17.26134129469162,21.0,18.952380952380953,63.431136539906404,46.61904761904762,96.06740009374964,7.7903786814249285,22.384615384615383,143.91364633796934,6.137178421020508,37.960657804385775,76.5,31.57894736842105,1
20.842815961159154,28.0,26.964285714285715,60.716448853064676,65.92857142857143,110.00143410119499,8.451658873442788,54.44444444444444,152.2856513198182,8.421721458435059,42.75037177728781,455.8481716049277,64.0,1
29.952513984928643,59.0,23.779661016949152,57.64977021684129,72.42372881355932,98.99905186496058,9.462648982611634,73.04545454545455,174.42323646630916,7.989959716796875,41.92728591945726,48.49742261192856,60.0,1
25.42617695902367,47.0,28.51063829787234,54.06632536352608,35.361702127659576,70.61589630887424,12.11932368670097,41.705882352941174,197.58740204690068,8.774691581726074,54.404781219317215,0.0,62.22222222222222,1
49.12505718580485,29.0,38.55172413793103,55.15832505229638,54.275862068965516,123.11054710054592,12.8951355250234,109.66666666666667,230.4681035291028,11.33322525024414,60.81175212639432,0.0,55.55555555555556,1
45.991341991342,61.0,37.18032786885246,53.38138683472058,50.63934426229508,90.13551987813068,15.220112025280756,33.48275862068966,245.09878175987288,10.08763599395752,58.08080768916588,57.982756057296896,50.0,1
44.0686442615455,44.0,39.63636363636363,48.818201325737164,69.11363636363636,119.9387346585159,12.619337361700394,109.71428571428571,187.30141584697856,10.151046752929688,61.363646202281444,80.5403625519528,47.5,1
36.46919924994791,41.0,30.121951219512194,60.982463911464265,45.09756097560975,94.84352147218351,12.196913590857399,59.705882352941174,115.00436333116981,10.867636680603027,52.84505525312301,48.50658603621665,55.26315789473685,1
35.142081447963804,76.0,34.55263157894737,66.01046041338223,56.06578947368421,87.40179417147506,16.025244791599544,57.0,177.57146169654445,11.70400333404541,50.74504243844646,21.813757127097567,54.929577464788736,1
48.62471732298687,124.0,35.29838709677419,60.72889129622479,59.435483870967744,116.0761855430327,13.694063899808341,67.84905660377359,245.83615660251635,11.580042839050293,51.34454916219684,99.73086231432667,54.700854700854705,1
27.345600075779103,29.0,26.620689655172413,55.265204581763086,35.172413793103445,86.19804744733082,10.206540520066293,16.076923076923077,163.79716309718492,8.172785758972168,55.78283323615538,390.0,51.85185185185185,1
29.43482381321616,55.0,24.618181818181817,60.812245552595954,43.27272727272727,105.62025473592618,3.7161487862137563,59.857142857142854,182.69740095556017,8.842528343200684,56.06469840905587,125.85099213841035,42.857142857142854,1
40.16620689655173,99.0,24.19191919191919,60.65668972825776,40.90909090909091,149.9742602441113,7.602562739017421,32.6530612244898,97.99912008158826,9.698298454284668,56.040056282662675,0.0,48.95833333333333,1
39.38088776132319,29.0,34.724137931034484,42.539820330306064,42.275862068965516,80.31346323427461,13.04132278110982,17.11111111111111,128.0818361838376,10.144962310791016,57.9525510913017,0.0,67.85714285714286,1
31.606456571867792,46.0,29.58695652173913,60.08422230237834,54.58695652173913,80.32841761758924,6.053554780222794,23.0,227.54545285679814,9.87567138671875,50.30217246818577,10.370899457402697,39.53488372093023,1
51.13472795317148,48.0,39.0,47.31446567718277,64.1875,89.47436077685538,19.51372950495417,34.55,141.4936761422016,11.090170860290527,52.440164420506065,393.62277486051147,55.55555555555556,1
49.53995760493288,97.0,34.670103092783506,47.76160726361261,62.824742268041234,97.29584493694617,11.632447251882294,37.421052631578945,126.06167024379644,10.83448314666748,52.43014361584682,193.59999999999997,58.69565217391305,1
29.868872167059973,42.0,32.76190476190476,61.93327238451205,38.92857142857143,90.71960952810304,16.506776214373605,47.142857142857146,199.4114346263611,11.968439102172852,56.66812584984608,38.262252939417984,46.15384615384615,1
26.935071985287195,73.0,33.63013698630137,56.689576331198225,41.013698630136986,92.90344048318731,15.011499536535842,35.945945945945944,167.4951678757443,12.278839111328125,60.22456919615254,75.78052190371876,46.3768115942029,1
34.1319110231979,99.0,34.38383838383838,69.97713751519467,40.15151515151515,89.02525609754848,9.773913034675884,47.81132075471698,142.84711017059453,10.869035720825195,60.099037018001724,385.79433031878847,42.391304347826086,1
36.67192097519966,32.0,30.875,48.81691166990737,42.875,93.33043913563219,12.92755770356413,25.333333333333332,78.35854670760601,8.430167198181152,54.63200885777755,148.5,60.0,1
32.739987613542525,61.0,32.967213114754095,44.69524730498518,41.60655737704918,93.01696533290877,7.881325871064946,17.636363636363637,135.81959939287898,7.53790283203125,60.32025211440368,185.26197667087544,62.06896551724138,1
48.341385701192095,117.0,37.36752136752137,44.982726578370524,53.1025641025641,98.120794447329,11.646817079651186,42.08108108108108,335.77811768389785,8.480939865112305,56.478836662661934,173.20508075688772,67.2566371681416,1
24.9126914447371,28.0,22.142857142857142,47.06804036975566,49.607142857142854,85.99750272641097,7.923945960569354,126.77777777777777,206.1969266450083,8.656167984008789,35.50477393212321,39.5,65.38461538461539,1
18.626796195102205,43.0,18.162790697674417,54.64544824248453,51.7906976744186,103.2224699756349,5.701129959667585,66.83333333333333,246.84462420375382,7.7475409507751465,28.816452677063513,79.66736401368435,55.00000000000001,1
29.84731959587343,94.0,27.648936170212767,57.481649515325884,46.648936170212764,89.38447426426642,11.184733753200277,40.45454545454545,195.80320403036845,8.995061874389648,50.991114950684974,246.36067732763956,50.0,1
25.089903639193352,105.0,17.485714285714284,55.03633773848242,39.65714285714286,100.15953435898233,4.514485234856263,28.03846153846154,91.71908944266457,7.875387668609619,45.19434189076403,405.36554148351365,47.474747474747474,1
32.59558380040308,43.0,25.627906976744185,74.29309699700696,50.72093023255814,61.672111185557476,9.543633283944686,39.1764705882353,290.62754510231684,9.873223304748535,31.94662859867922,0.0,58.536585365853654,1
36.49919435219219,107.0,25.64485981308411,76.07389805629158,45.41121495327103,73.29920284264908,6.663074774899923,22.695652173913043,196.61257555287085,9.734570503234863,42.79579664937811,97.85474449615697,54.0,1
47.33377884782629,162.0,24.685185185185187,75.8028385729922,56.382716049382715,99.07068382374244,6.364725502553881,40.08988764044944,152.58757845833344,10.29586410522461,40.446033763937216,176.32412865829636,41.05960264900662,1
37.346104085806104,36.0,28.38888888888889,72.05260220931818,61.166666666666664,93.74603709755084,11.321378645022802,39.53333333333333,120.16238813630962,8.906654357910156,44.28036391451271,338.4684459279607,54.54545454545454,1
33.98259259259259,83.0,28.156626506024097,69.33025552424238,45.433734939759034,89.03979844341949,6.3399980957754885,55.08571428571429,168.40500866358414,9.914722442626953,55.1981797748066,251.45095611934613,54.54545454545454,1
53.793272997557615,134.0,33.97014925373134,64.47144346525633,64.70149253731343,90.46632942018195,8.179572911354793,39.435483870967744,162.05671735040028,9.977667808532715,52.09997798782292,367.94938510615833,50.79365079365079,1
31.38771530711732,38.0,26.710526315789473,58.976275766981246,37.5,87.39344156026996,9.395686650714286,43.44444444444444,216.64320912238776,8.360584259033203,49.14412095963969,35.0,50.0,1
27.631487286659702,57.0,19.771929824561404,73.47624216478245,46.29824561403509,118.17085079404819,2.9370958993371565,79.29411764705883,253.8457810023647,8.278420448303223,39.2500154970526,58.6969618748137,33.33333333333333,1
38.938471940500335,75.0,25.653333333333332,59.81138258866583,60.626666666666665,113.68765413614351,9.52273831720024,58.81818181818182,183.31182736934645,8.306200981140137,44.45115284079094,334.60357971120925,52.17391304347826,1
